{
  "project_info": {
    "project_number": "60065068908",
    "project_id": "namibian-hockey-app",
    "storage_bucket": "namibian-hockey-app.firebasestorage.app"
  },
  "client": [
    {
      "client_info": {
        "mobilesdk_app_id": "1:60065068908:android:f0531fc9e693c2add8a549",
        "android_client_info": {
          "package_name": "com.example.namibianhockeyapp.namibian_hockey_app"
        }
      },
      "oauth_client": [],
      "api_key": [
        {
          "current_key": "AIzaSyBlBf35_yvObFpdLDXIMMK155xMfU_-fpU"
        }
      ],
      "services": {
        "appinvite_service": {
          "other_platform_oauth_client": []
        }
      }
    }
  ],
  "configuration_version": "1"
}