{
  "project_info": {
    "project_number": "207511951846",
    "project_id": "teamregistration-2f5e7",
    "storage_bucket": "teamregistration-2f5e7.appspot.com"
  },
  "client": [
    {
      "client_info": {
        "mobilesdk_app_id": "1:207511951846:android:aca11b29e0f7fe1ef21e27",
        "android_client_info": {
          "package_name": "com.example.teamregistration"
        }
      },
      "oauth_client": [],
      "api_key": [
        {
          "current_key": "AIzaSyB4Jvucx8TbdoKbDhjO0lisYehKa0EuLAg"
        }
      ],
      "services": {
        "appinvite_service": {
          "other_platform_oauth_client": []
        }
      }
    }
  ],
  "configuration_version": "1"
}